Titulo;Genero;Temporada;Pre_estreia;Idioma;Ativo;Status;Data_de_Inclusao;Data_de_Alteracao
The Dragon Prince;childrens-animation;2 seasons, 18 episodes;2018-09-14T00:00:00.000Z;English;1;Renewed;2021-03-17T00:20:24.000Z;2023-01-03T23:08:19.775Z
Death by Magic;Reality;1 season, 8 episodes;2018-11-30T00:00:00.000Z;English;1;Pending;2021-03-17T00:20:24.000Z;2023-01-03T23:08:19.775Z
Fearless;Sport;6 episodes;2016-08-19T00:00:00.000Z;English;0;Miniseries;2021-03-17T00:20:24.000Z;2023-01-03T23:08:19.775Z
Beyond Stranger Things;Aftershow;1 season, 7 episodes;2017-10-27T00:00:00.000Z;English;1;Pending;2021-03-17T00:20:24.000Z;2023-01-03T23:08:19.775Z
Marco Polo;Historical drama;2 seasons, 20 episodes;2014-12-12T00:00:00.000Z;English;0;Ended;2021-03-17T00:20:24.000Z;2023-01-03T23:08:19.775Z
The Boss Baby: Back in Business;childrens-animation;2 seasons, 26 episodes;2018-04-06T00:00:00.000Z;English;1;Pending;2021-03-17T00:20:24.000Z;2023-01-03T23:08:19.775Z
Evil Genius: The True Story of America's Most Diabolical Bank Heist;True crime;4 episodes;2018-05-11T00:00:00.000Z;English;0;Miniseries;2021-03-17T00:20:24.000Z;2023-01-03T23:08:19.775Z
The Society;Mystery drama;1 season, 10 episodes;2019-05-10T00:00:00.000Z;English;1;Pending;2021-03-17T00:20:24.000Z;2023-01-03T23:08:19.775Z
Chelsea;Late-night;2 seasons, 120 episodes;2016-05-11T00:00:00.000Z;English;0;Ended;2021-03-17T00:20:24.000Z;2023-01-03T23:08:19.775Z
All About the Washingtons;Comedy;1 season, 10 episodes;2018-08-10T00:00:00.000Z;English;0;Ended;2021-03-17T00:20:24.000Z;2023-01-03T23:08:19.775Z
Charlie's Colorforms City;childrens-animation;1 season, 13 episodes;2019-03-22T00:00:00.000Z;English;1;Pending;2021-03-17T00:20:24.000Z;2023-01-03T23:08:19.775Z
Abstract: The Art of Design;Biography;1 season, 8 episodes;2017-02-10T00:00:00.000Z;English;0;Ended;2021-03-17T00:20:24.000Z;2023-01-03T23:08:19.775Z
Sunderland 'Til I Die;Sport;1 season, 8 episodes;2018-12-14T00:00:00.000Z;English;1;Pending;2021-03-17T00:20:24.000Z;2023-01-03T23:08:19.775Z
Norm Macdonald Has a Show;Talk show;1 season, 10 episodes;2018-09-14T00:00:00.000Z;English;1;Pending;2021-03-17T00:20:24.000Z;2023-01-03T23:08:19.775Z
Julie's Greenroom;Educational;1 season, 13 episodes;2017-03-17T00:00:00.000Z;English;0;Ended;2021-03-17T00:20:24.000Z;2023-01-03T23:08:19.775Z
Lego Elves: Secrets of Elvendale;childrens-animation;1 season, 8 episodes;2017-09-01T00:00:00.000Z;English;0;Ended;2021-03-17T00:20:24.000Z;2023-01-03T23:08:19.775Z
Battlefish;Reality;1 season, 8 episodes;2018-09-21T00:00:00.000Z;English;1;Pending;2021-03-17T00:20:24.000Z;2023-01-03T23:08:19.775Z
Selling Sunset;Reality;1 season, 8 episodes;2019-03-22T00:00:00.000Z;English;1;Pending;2021-03-17T00:20:24.000Z;2023-01-03T23:08:19.775Z
Master of None;Comedy;2 seasons, 20 episodes;2015-11-06T00:00:00.000Z;English;0;Ended;2021-03-17T00:20:24.000Z;2023-01-03T23:08:19.775Z
Formula 1: Drive to Survive;Sport;1 season, 10 episodes;2019-03-08T00:00:00.000Z;English;1;Pending;2021-03-17T00:20:24.000Z;2023-01-03T23:08:19.775Z
Kulipari: Dream Walker;childrens-animation;1 season, 10 episodes;2018-11-20T00:00:00.000Z;English;1;Pending;2021-03-17T00:20:24.000Z;2023-01-03T23:08:19.775Z
Quicksand;Crime drama;1 season, 6 episodes;2019-04-05T00:00:00.000Z;Swedish;1;Pending;2021-03-17T00:20:24.000Z;2023-01-03T23:08:19.775Z
Dinotrux;childrens-animation;5 seasons, 52 episodes;2015-08-14T00:00:00.000Z;English;0;Ended;2021-03-17T00:20:24.000Z;2023-01-03T23:08:19.775Z
Estocolmo;Crime drama;1 season, 13 episodes;2016-11-11T00:00:00.000Z;Spanish;0;Ended;2021-03-17T00:20:24.000Z;2023-01-03T23:08:19.775Z
Club de Cuervos Presents: The Ballad of Hugo Sánchez;Comedy;1 season, 6 episodes;2018-06-17T00:00:00.000Z;Spanish;0;Ended;2021-03-17T00:20:24.000Z;2023-01-03T23:08:19.775Z
Fire Chasers;Miniseries;4 episodes;2017-09-08T00:00:00.000Z;English;0;Miniseries;2021-03-17T00:20:24.000Z;2023-01-03T23:08:19.775Z
No Good Nick;Sitcom;1 part, 10 episodes;2019-04-15T00:00:00.000Z;English;1;Renewed;2021-03-17T00:20:24.000Z;2023-01-03T23:08:19.775Z
Trigger Warning with Killer Mike;Docu-series;1 season, 6 episodes;2019-01-18T00:00:00.000Z;English;1;Pending;2021-03-17T00:20:24.000Z;2023-01-03T23:08:19.775Z
A.I.C.O. -Incarnation-;Science fiction;1 season, 12 episodes;2018-03-09T00:00:00.000Z;English;0;Ended;2021-03-17T00:20:24.000Z;2023-01-03T23:08:19.775Z
The Hollow;childrens-animation;1 season, 10 episodes;2018-06-08T00:00:00.000Z;English;1;Renewed;2021-03-17T00:20:24.000Z;2023-01-03T23:08:19.775Z
Examination of Conscience;True crime;1 season, 3 episodes;2019-01-25T00:00:00.000Z;English;1;Pending;2021-03-17T00:20:24.000Z;2023-01-03T23:08:19.775Z
Our Planet;Nature documentary;8 episodes;2019-04-05T00:00:00.000Z;English;0;Miniseries;2021-03-17T00:20:24.000Z;2023-01-03T23:08:19.775Z
The Chef Show;Culinary art;1 season, 8 episodes;2019-06-07T00:00:00.000Z;English;1;Pending;2021-03-17T00:20:24.000Z;2023-01-03T23:08:19.775Z
Rilakkuma and Kaoru;Stop motion slice of life;1 season, 13 episodes;2019-04-19T00:00:00.000Z;English;1;Pending;2021-03-17T00:20:24.000Z;2023-01-03T23:08:19.775Z
The Hook Up Plan;Romantic comedy;1 season, 8 episodes;2018-12-07T00:00:00.000Z;French;1;Renewed;2021-03-17T00:20:24.000Z;2023-01-03T23:08:19.775Z
FightWorld;Travel documentary;1 season, 5 episodes;2018-10-12T00:00:00.000Z;English;1;Pending;2021-03-17T00:20:24.000Z;2023-01-03T23:08:19.775Z
Family Reunion[64];Comedy;a ser anunciado;2019-07-10T00:00:00.000Z;English;1;Pending;2021-03-17T00:20:24.000Z;2023-01-03T23:08:19.775Z
Marseille;Political drama;2 seasons, 16 episodes;2016-05-05T00:00:00.000Z;French;0;Ended;2021-03-17T00:20:24.000Z;2023-01-03T23:08:19.775Z
Nailed It!;Competition;3 seasons, 19 episodes;2018-03-09T00:00:00.000Z;English;1;Pending;2021-03-17T00:20:24.000Z;2023-01-03T23:08:19.775Z
The Get Down;Musical drama;2 parts, 11 episodes;2016-08-12T00:00:00.000Z;English;0;Ended;2021-03-17T00:20:24.000Z;2023-01-03T23:08:19.775Z
Black Summer;Zombie drama;1 season, 8 episodes;2019-04-11T00:00:00.000Z;English;1;Pending;2021-03-17T00:20:24.000Z;2023-01-03T23:08:19.775Z
Sacred Games;Drama;1 season, 8 episodes;2018-07-06T00:00:00.000Z;Hindi;1;Renewed;2021-03-17T00:20:24.000Z;2023-01-03T23:08:19.775Z
Sugar Rush;Baking competition;1 season, 8 episodes;2018-07-13T00:00:00.000Z;English;1;Renewed;2021-03-17T00:20:24.000Z;2023-01-03T23:08:19.775Z
Jailbirds;Reality television;1 season, 10 episodes;2019-05-10T00:00:00.000Z;English;1;Pending;2021-03-17T00:20:24.000Z;2023-01-03T23:08:19.775Z
Dark;Science fiction;2 seasons, 18 episodes;2017-12-01T00:00:00.000Z;German;1;Renewed;2021-03-17T00:20:24.000Z;2023-01-03T23:08:19.775Z
Dogs;Docu-series;1 season, 6 episodes;2018-11-16T00:00:00.000Z;English;1;Renewed;2021-03-17T00:20:24.000Z;2023-01-03T23:08:19.775Z
Blazing Transfer Students;Action comedy;1 season, 8 episodes;2017-11-10T00:00:00.000Z;Japanese;0;Ended;2021-03-17T00:20:24.000Z;2023-01-03T23:08:19.775Z
On My Block;Coming-of-age comedy;2 seasons, 20 episodes;2018-03-16T00:00:00.000Z;English;1;Renewed;2021-03-17T00:20:24.000Z;2023-01-03T23:08:19.775Z
Go! Live Your Way;Musical;2 seasons, 30 episodes;2019-02-22T00:00:00.000Z;Spanish;1;Pending;2021-03-17T00:20:24.000Z;2023-01-03T23:08:19.775Z
Ugly Delicious;Travel documentary;1 season, 8 episodes;2018-02-23T00:00:00.000Z;English;1;Renewed;2021-03-17T00:20:24.000Z;2023-01-03T23:08:19.775Z
Super Monsters Monster Party;chrildrens musical short;1 season, 4 episodes;2018-09-14T00:00:00.000Z;English;1;Pending;2021-03-17T00:20:24.000Z;2023-01-03T23:08:19.775Z
Car Masters: Rust to Riches;Motoring television series;1 season, 8 episodes;2018-09-14T00:00:00.000Z;English;1;Pending;2021-03-17T00:20:24.000Z;2023-01-03T23:08:19.775Z
Dinotrux Supercharged;childrens-animation;3 seasons, 26 episodes;2017-11-10T00:00:00.000Z;English;0;Ended;2021-03-17T00:20:24.000Z;2023-01-03T23:08:19.775Z
Girlboss;Comedy;1 season, 13 episodes;2017-04-21T00:00:00.000Z;English;0;Ended;2021-03-17T00:20:24.000Z;2023-01-03T23:08:19.775Z
The Umbrella Academy;Superhero action;1 season, 10 episodes;2019-02-15T00:00:00.000Z;English;1;Renewed;2021-03-17T00:20:24.000Z;2023-01-03T23:08:19.775Z
Bill Nye Saves the World;Science;3 seasons, 25 episodes;2017-04-21T00:00:00.000Z;English;0;Ended;2021-03-17T00:20:24.000Z;2023-01-03T23:08:19.775Z
Narcos: Mexico;Crime drama;1 season, 10 episodes;2018-11-16T00:00:00.000Z;English;1;Renewed;2021-03-17T00:20:24.000Z;2023-01-03T23:08:19.775Z
Huge in France;Comedy;1 season, 8 episodes;2019-04-12T00:00:00.000Z;English;1;Pending;2021-03-17T00:20:24.000Z;2023-01-03T23:08:19.775Z
Greenhouse Academy;Science fiction/teen drama;2 seasons, 24 episodes;2017-09-08T00:00:00.000Z;English;1;Renewed;2021-03-17T00:20:24.000Z;2023-01-03T23:08:19.775Z
American Vandal;Mockumentary;2 seasons, 16 episodes;2017-09-15T00:00:00.000Z;English;0;Ended;2021-03-17T00:20:24.000Z;2023-01-03T23:08:19.775Z
Jessica Jones;Neo-noir/psychological thriller;3 seasons, 39 episodes;2015-11-20T00:00:00.000Z;English;0;Ended;2021-03-17T00:20:24.000Z;2023-01-03T23:08:19.775Z
Dirty Money;Documentary;1 season, 6 episodes;2018-01-26T00:00:00.000Z;English;1;Renewed;2021-03-17T00:20:24.000Z;2023-01-03T23:08:19.775Z
Richie Rich;Sitcom;2 seasons, 21 episodes;2015-02-20T00:00:00.000Z;English;0;Ended;2021-03-17T00:20:24.000Z;2023-01-03T23:08:19.775Z
Élite;Crime teen drama;1 season, 8 episodes;2018-10-05T00:00:00.000Z;Spanish;1;Renewed;2021-03-17T00:20:24.000Z;2023-01-03T23:08:19.775Z
Cooking on High;Cooking show;1 season, 12 episodes;2018-06-22T00:00:00.000Z;English;0;Ended;2021-03-17T00:20:24.000Z;2023-01-03T23:08:19.775Z
The Epic Tales of Captain Underpants;childrens-animation;2 seasons, 26 episodes;2018-07-13T00:00:00.000Z;English;1;Renewed;2021-03-17T00:20:24.000Z;2023-01-03T23:08:19.775Z
Gypsy;Psychological thriller;1 season, 10 episodes;2017-06-30T00:00:00.000Z;English;0;Ended;2021-03-17T00:20:24.000Z;2023-01-03T23:08:19.775Z
Sword Gai: The Animation;Supernatural;2 seasons, 24 episodes;2018-03-23T00:00:00.000Z;English;1;Pending;2021-03-17T00:20:24.000Z;2023-01-03T23:08:19.775Z
Turbo Fast;childrens-animation;3 seasons, 52 episodes;2013-12-24T00:00:00.000Z;English;0;Ended;2021-03-17T00:20:24.000Z;2023-01-03T23:08:19.775Z
My First First Love;Romantic comedy;1 season, 8 episodes;2019-04-18T00:00:00.000Z;Korean;1;Renewed;2021-03-17T00:20:24.000Z;2023-01-03T23:08:19.775Z
Explained;Docu-series;1 season, 20 episodes;2018-05-23T00:00:00.000Z;English;1;Renewed;2021-03-17T00:20:24.000Z;2023-01-03T23:08:19.775Z
GLOW;Comedy;2 seasons, 20 episodes;2017-06-23T00:00:00.000Z;English;1;Renewed;2021-03-17T00:20:24.000Z;2023-01-03T23:08:19.775Z
Diablero;Horror fantasy thriller;1 season, 8 episodes;2018-12-21T00:00:00.000Z;Spanish;1;Renewed;2021-03-17T00:20:24.000Z;2023-01-03T23:08:19.775Z
Maniac;Dark comedy;10 episodes;2018-09-21T00:00:00.000Z;English;0;Miniseries;2021-03-17T00:20:24.000Z;2023-01-03T23:08:19.775Z
How to Sell Drugs Online (Fast);Dark comedy;1 season, 6 episodes;2019-05-31T00:00:00.000Z;German;1;Pending;2021-03-17T00:20:24.000Z;2023-01-03T23:08:19.775Z
Awake: The Million Dollar Game;Reality television;1 season, 8 episodes;2019-06-14T00:00:00.000Z;English;1;Pending;2021-03-17T00:20:24.000Z;2023-01-03T23:08:19.775Z
Shadow;Thriller;1 season, 8 episodes;2019-03-08T00:00:00.000Z;English;1;Pending;2021-03-17T00:20:24.000Z;2023-01-03T23:08:19.775Z
Ultraman;Science fiction;1 season, 13 episodes;2019-04-01T00:00:00.000Z;English;1;Renewed;2021-03-17T00:20:24.000Z;2023-01-03T23:08:19.775Z
Chef's Table: France;Culinary art;1 season, 4 episodes;2016-09-02T00:00:00.000Z;English;0;Ended;2021-03-17T00:20:24.000Z;2023-01-03T23:08:19.775Z
A Series of Unfortunate Events;Black-comedy mystery;3 seasons, 25 episodes;2017-01-13T00:00:00.000Z;English;0;Ended;2021-03-17T00:20:24.000Z;2023-01-03T23:08:19.775Z
Netflix Presents: The Characters;Sketch comedy;1 season, 8 episodes;2016-03-11T00:00:00.000Z;English;0;Ended;2021-03-17T00:20:24.000Z;2023-01-03T23:08:19.775Z
Ever After High;childrens-animation;5 seasons, 17 episodes;2013-05-30T00:00:00.000Z;English;0;Ended;2021-03-17T00:20:24.000Z;2023-01-03T23:08:19.775Z
Legend Quest;childrens-animation;1 season, 13 episodes;2017-02-24T00:00:00.000Z;English;1;Renewed;2021-03-17T00:20:24.000Z;2023-01-03T23:08:19.775Z
Typewriter;Horror;a ser anunciado;2019-07-19T00:00:00.000Z;Hindi;1;Pending;2021-03-17T00:20:24.000Z;2023-01-03T23:08:19.775Z
Super Monsters;childrens-animation;2 seasons, 16 episodes;2017-10-13T00:00:00.000Z;English;1;Renewed;2021-03-17T00:20:24.000Z;2023-01-03T23:08:19.775Z
After Life;Comedy;1 season, 6 episodes;2019-03-08T00:00:00.000Z;English;1;Renewed;2021-03-17T00:20:24.000Z;2023-01-03T23:08:19.775Z
Girls Incarcerated;Documentary;2 seasons, 16 episodes;2018-03-02T00:00:00.000Z;English;1;Pending;2021-03-17T00:20:24.000Z;2023-01-03T23:08:19.775Z
Murder Mountain;True crime;1 season, 6 episodes;2018-12-28T00:00:00.000Z;English;1;Pending;2021-03-17T00:20:24.000Z;2023-01-03T23:08:19.775Z
She's Gotta Have It;Comedy-drama;2 seasons, 19 episodes;2017-11-23T00:00:00.000Z;English;1;Pending;2021-03-17T00:20:24.000Z;2023-01-03T23:08:19.775Z
Chelsea Does;Comedy;1 season, 4 episodes;2016-01-23T00:00:00.000Z;English;0;Ended;2021-03-17T00:20:24.000Z;2023-01-03T23:08:19.775Z
Cupcake & Dino: General Services;childrens-animation;2 seasons, 26 episodes;2018-07-27T00:00:00.000Z;English;1;Pending;2021-03-17T00:20:24.000Z;2023-01-03T23:08:19.775Z
3Below: Tales of Arcadia;childrens-animation;1 part, 13 episodes;2018-12-21T00:00:00.000Z;English;1;Renewed;2021-03-17T00:20:24.000Z;2023-01-03T23:08:19.775Z
Motown Magic;childrens-animation;1 season, 25 episodes;2018-11-20T00:00:00.000Z;English;1;Renewed;2021-03-17T00:20:24.000Z;2023-01-03T23:08:19.775Z
Luna Petunia: Return to Amazia;childrens-animation;2 seasons, 11 episodes;2018-02-02T00:00:00.000Z;English;0;Ended;2021-03-17T00:20:24.000Z;2023-01-03T23:08:19.775Z
True Tunes;chrildrens musical short;a ser anunciado;2019-07-12T00:00:00.000Z;English;1;Pending;2021-03-17T00:20:24.000Z;2023-01-03T23:08:19.775Z
Vai Anitta;Docu-series;1 season, 6 episodes;2018-11-16T00:00:00.000Z;English;1;Pending;2021-03-17T00:20:24.000Z;2023-01-03T23:08:19.775Z
Delhi Crime;Police procedural;1 season, 7 episodes;2019-03-22T00:00:00.000Z;Hindi;1;Pending;2021-03-17T00:20:24.000Z;2023-01-03T23:08:19.775Z
Hemlock Grove;Horror/thriller;3 seasons, 33 episodes;2013-04-19T00:00:00.000Z;English;0;Ended;2021-03-17T00:20:24.000Z;2023-01-03T23:08:19.775Z
Brainchild;Educational;1 season, 13 episodes;2018-11-02T00:00:00.000Z;English;1;Pending;2021-03-17T00:20:24.000Z;2023-01-03T23:08:19.775Z
Amazing Interiors;Reality;1 season, 12 episodes;2018-07-20T00:00:00.000Z;English;1;Pending;2021-03-17T00:20:24.000Z;2023-01-03T23:08:19.775Z
Another Life;Science-fiction;a ser anunciado;2019-07-25T00:00:00.000Z;English;1;Pending;2021-03-17T00:20:24.000Z;2023-01-03T23:08:19.775Z
Kengan Ashura;Action;a ser anunciado;2019-07-31T00:00:00.000Z;English;1;Pending;2021-03-17T00:20:24.000Z;2023-01-03T23:08:19.775Z
Malibu Rescue: The Series;Comedy;1 season, 8 episodes;2019-06-03T00:00:00.000Z;English;1;Pending;2021-03-17T00:20:24.000Z;2023-01-03T23:08:19.775Z
High Seas;Mystery period drama;1 season, 8 episodes;2019-05-24T00:00:00.000Z;Spanish;1;Renewed;2021-03-17T00:20:24.000Z;2023-01-03T23:08:19.775Z
Afflicted;Docu-series;1 season, 7 episodes;2018-08-10T00:00:00.000Z;English;1;Pending;2021-03-17T00:20:24.000Z;2023-01-03T23:08:19.775Z
Godless;Western;7 episodes;2017-11-22T00:00:00.000Z;English;0;Miniseries;2021-03-17T00:20:24.000Z;2023-01-03T23:08:19.775Z
Kulipari: An Army of Frogs;childrens-animation;1 season, 13 episodes;2016-09-02T00:00:00.000Z;English;0;Ended;2021-03-17T00:20:24.000Z;2023-01-03T23:08:19.775Z
YooHoo to the Rescue;childrens-animation;1 season, 26 episodes;2019-03-15T00:00:00.000Z;English;1;Pending;2021-03-17T00:20:24.000Z;2023-01-03T23:08:19.775Z
Coach Snoop;Sport;1 season, 8 episodes;2018-02-02T00:00:00.000Z;English;0;Ended;2021-03-17T00:20:24.000Z;2023-01-03T23:08:19.775Z
Wild Wild Country;Documentary;6 episodes;2018-03-16T00:00:00.000Z;English;0;Miniseries;2021-03-17T00:20:24.000Z;2023-01-03T23:08:19.775Z
Mystery Science Theater 3000: The Return;Comic science fiction;2 seasons, 20 episodes;2017-04-14T00:00:00.000Z;English;1;Pending;2021-03-17T00:20:24.000Z;2023-01-03T23:08:19.775Z
Lego Friends: The Power of Friendship;childrens-animation;2 seasons, 4 episodes;2016-03-04T00:00:00.000Z;English;0;Ended;2021-03-17T00:20:24.000Z;2023-01-03T23:08:19.775Z
Terrorism Close Calls;Docu-series;1 season, 10 episodes;2018-10-26T00:00:00.000Z;English;1;Pending;2021-03-17T00:20:24.000Z;2023-01-03T23:08:19.775Z
Haters Back Off;Comedy;2 seasons, 16 episodes;2016-10-14T00:00:00.000Z;English;0;Ended;2021-03-17T00:20:24.000Z;2023-01-03T23:08:19.775Z
House of Cards;Political drama;6 seasons, 73 episodes;2013-02-01T00:00:00.000Z;English;0;Ended;2021-03-17T00:20:24.000Z;2023-01-03T23:08:19.775Z
Disjointed;Comedy;2 parts, 20 episodes;2017-08-25T00:00:00.000Z;English;0;Ended;2021-03-17T00:20:24.000Z;2023-01-03T23:08:19.775Z
Larry Charles: The Dangerous World of Comedy;Docu-series;1 season, 4 episodes;2019-02-15T00:00:00.000Z;English;1;Pending;2021-03-17T00:20:24.000Z;2023-01-03T23:08:19.775Z
The Toys That Made Us;Documentary;2 seasons, 8 episodes;2017-12-22T00:00:00.000Z;English;1;Renewed;2021-03-17T00:20:24.000Z;2023-01-03T23:08:19.775Z
The Final Table;Culinary competition;1 season, 10 episodes;2018-11-20T00:00:00.000Z;English;1;Pending;2021-03-17T00:20:24.000Z;2023-01-03T23:08:19.775Z
The OA;Mystery;2 parts, 16 episodes;2016-12-16T00:00:00.000Z;English;1;Pending;2021-03-17T00:20:24.000Z;2023-01-03T23:08:19.775Z
Fuller House;Sitcom;4 seasons, 57 episodes;2016-02-26T00:00:00.000Z;English;1;Renewed;2021-03-17T00:20:24.000Z;2023-01-03T23:08:19.775Z
Rotten;Documentary;1 season, 6 episodes;2018-01-05T00:00:00.000Z;English;0;Ended;2021-03-17T00:20:24.000Z;2023-01-03T23:08:19.775Z
Salt, Fat, Acid, Heat;Travel documentary;4 episodes;2018-10-11T00:00:00.000Z;English;0;Miniseries;2021-03-17T00:20:24.000Z;2023-01-03T23:08:19.775Z
The Politician;Comedy;a ser anunciado;2019-09-27T00:00:00.000Z;English;1;Renewed;2021-03-17T00:20:24.000Z;2023-01-03T23:08:19.775Z
Shot in the Dark;True crime;1 season, 8 episodes;2017-11-17T00:00:00.000Z;English;0;Ended;2021-03-17T00:20:24.000Z;2023-01-03T23:08:19.775Z
Home: Adventures with Tip & Oh;childrens-animation;4 seasons, 52 episodes;2016-07-29T00:00:00.000Z;English;0;Ended;2021-03-17T00:20:24.000Z;2023-01-03T23:08:19.775Z
Spirit Riding Free;childrens-animation;8 seasons, 52 episodes;2017-05-05T00:00:00.000Z;English;1;Pending;2021-03-17T00:20:24.000Z;2023-01-03T23:08:19.775Z
Crime Diaries: The Candidate;Crime anthology series;8 episodes;2019-03-22T00:00:00.000Z;Spanish;0;Miniseries;2021-03-17T00:20:24.000Z;2023-01-03T23:08:19.775Z
Boca Juniors Confidential;Docu-series;1 season, 4 episodes;2018-09-14T00:00:00.000Z;English;1;Pending;2021-03-17T00:20:24.000Z;2023-01-03T23:08:19.775Z
Haunted;Horror;1 season, 6 episodes;2018-10-19T00:00:00.000Z;English;1;Pending;2021-03-17T00:20:24.000Z;2023-01-03T23:08:19.775Z
Lady Dynamite;Comedy;2 seasons, 20 episodes;2016-05-20T00:00:00.000Z;English;0;Ended;2021-03-17T00:20:24.000Z;2023-01-03T23:08:19.775Z
Mr. Iglesias;Comedy;1 season, 10 episodes;2019-06-21T00:00:00.000Z;English;1;Pending;2021-03-17T00:20:24.000Z;2023-01-03T23:08:19.775Z
Wild District;Crime drama;1 season, 10 episodes;2018-10-19T00:00:00.000Z;Spanish;1;Renewed;2021-03-17T00:20:24.000Z;2023-01-03T23:08:19.775Z
The Punisher;Crime drama/conspiracy thriller;2 seasons, 26 episodes;2017-11-17T00:00:00.000Z;English;0;Ended;2021-03-17T00:20:24.000Z;2023-01-03T23:08:19.775Z
Special;Comedy;1 season, 8 episodes;2019-04-12T00:00:00.000Z;English;1;Pending;2021-03-17T00:20:24.000Z;2023-01-03T23:08:19.775Z
Wormwood;Psychological drama;6 chapters;2017-12-15T00:00:00.000Z;English;0;Miniseries;2021-03-17T00:20:24.000Z;2023-01-03T23:08:19.775Z
Somebody Feed Phil;Travel documentary;2 seasons, 12 episodes;2018-01-12T00:00:00.000Z;English;1;Renewed;2021-03-17T00:20:24.000Z;2023-01-03T23:08:19.775Z
Killer Ratings;Docu-series;1 season, 7 episodes;2019-05-31T00:00:00.000Z;English;1;Pending;2021-03-17T00:20:24.000Z;2023-01-03T23:08:19.775Z
Love, Death & Robots;Anthology;1 volume, 18 episodes;2019-03-15T00:00:00.000Z;English;1;Renewed;2021-03-17T00:20:24.000Z;2023-01-03T23:08:19.775Z
Hero Mask;Crime;1 season, 15 episodes;2018-12-03T00:00:00.000Z;English;1;Pending;2021-03-17T00:20:24.000Z;2023-01-03T23:08:19.775Z
YG Future Strategy Office;Comedy;1 season, 8 episodes;2018-10-05T00:00:00.000Z;Korean;1;Pending;2021-03-17T00:20:24.000Z;2023-01-03T23:08:19.775Z
Friends from College;Comedy;2 seasons, 16 episodes;2017-07-14T00:00:00.000Z;English;0;Ended;2021-03-17T00:20:24.000Z;2023-01-03T23:08:19.775Z
Cable Girls;Period drama;3 seasons, 24 episodes;2017-04-28T00:00:00.000Z;Spanish;1;Renewed;2021-03-17T00:20:24.000Z;2023-01-03T23:08:19.775Z
Losers;Sport;1 collection, 8 episodes;2019-03-01T00:00:00.000Z;English;1;Pending;2021-03-17T00:20:24.000Z;2023-01-03T23:08:19.775Z
Dating Around;Reality;1 season, 6 episodes;2019-02-14T00:00:00.000Z;English;1;Pending;2021-03-17T00:20:24.000Z;2023-01-03T23:08:19.775Z
Patriot Act with Hasan Minhaj;Talk show;3 volumes, 19 episodes;2018-10-28T00:00:00.000Z;English;1;Renewed;2021-03-17T00:20:24.000Z;2023-01-03T23:08:19.775Z
I Think You Should Leave with Tim Robinson;Sketch comedy;1 season, 6 episodes;2019-04-23T00:00:00.000Z;English;1;Renewed;2021-03-17T00:20:24.000Z;2023-01-03T23:08:19.775Z
Love Alarm;Romantic comedy;a ser anunciado;2019-08-22T00:00:00.000Z;Korean;1;Pending;2021-03-17T00:20:24.000Z;2023-01-03T23:08:19.775Z
Trinkets;Coming-of-age drama;1 season, 10 episodes;2019-06-14T00:00:00.000Z;English;1;Pending;2021-03-17T00:20:24.000Z;2023-01-03T23:08:19.775Z
My Only Love Song;Comedy;1 season, 20 episodes;2017-06-09T00:00:00.000Z;Korean;0;Ended;2021-03-17T00:20:24.000Z;2023-01-03T23:08:19.775Z
Family Business;Comedy;a ser anunciado;2019-06-28T00:00:00.000Z;French;1;Pending;2021-03-17T00:20:24.000Z;2023-01-03T23:08:19.775Z
Flaked;Comedy;2 seasons, 14 episodes;2016-03-11T00:00:00.000Z;English;0;Ended;2021-03-17T00:20:24.000Z;2023-01-03T23:08:19.775Z
Selection Day;Drama;1 season, 12 episodes;2018-12-28T00:00:00.000Z;Hindi;1;Pending;2021-03-17T00:20:24.000Z;2023-01-03T23:08:19.775Z
Most Beautiful Thing;Period drama;1 season, 7 episodes;2019-03-22T00:00:00.000Z;Portuguese;1;Renewed;2021-03-17T00:20:24.000Z;2023-01-03T23:08:19.775Z
Flint Town;Documentary;8 episodes;2018-03-02T00:00:00.000Z;English;0;Miniseries;2021-03-17T00:20:24.000Z;2023-01-03T23:08:19.775Z
Atypical;Coming-of-age comedy;2 seasons, 18 episodes;2017-08-11T00:00:00.000Z;English;1;Renewed;2021-03-17T00:20:24.000Z;2023-01-03T23:08:19.775Z
Kingdom;Fantasy;1 season, 6 episodes;2019-01-25T00:00:00.000Z;Korean;1;Renewed;2021-03-17T00:20:24.000Z;2023-01-03T23:08:19.775Z
Kong: King of the Apes;childrens-animation;2 seasons, 23 episodes;2016-04-15T00:00:00.000Z;English;0;Ended;2021-03-17T00:20:24.000Z;2023-01-03T23:08:19.775Z
Baki;Martial arts;2 parts, 26 episodes;2018-06-25T00:00:00.000Z;English;1;Renewed;2021-03-17T00:20:24.000Z;2023-01-03T23:08:19.775Z
Knights of the Zodiac: Saint Seiya;Action;a ser anunciado;2019-07-19T00:00:00.000Z;English;1;Pending;2021-03-17T00:20:24.000Z;2023-01-03T23:08:19.775Z
Dope;Documentary;2 seasons, 8 episodes;2017-12-22T00:00:00.000Z;English;1;Renewed;2021-03-17T00:20:24.000Z;2023-01-03T23:08:19.775Z
Nailed It! Mexico;Reality;1 season, 6 episodes;2019-02-08T00:00:00.000Z;English;1;Pending;2021-03-17T00:20:24.000Z;2023-01-03T23:08:19.775Z
It's Bruno!;Comedy;1 season, 8 episodes;2019-05-17T00:00:00.000Z;English;1;Pending;2021-03-17T00:20:24.000Z;2023-01-03T23:08:19.775Z
All Hail King Julien;childrens-animation;5 seasons, 65 episodes;2014-12-19T00:00:00.000Z;English;0;Ended;2021-03-17T00:20:24.000Z;2023-01-03T23:08:19.775Z
Trailer Park Boys Out of the Park: Europe;Mockumentary;1 season, 8 episodes;2016-10-28T00:00:00.000Z;English;0;Ended;2021-03-17T00:20:24.000Z;2023-01-03T23:08:19.775Z
Pinky Malinky;childrens-animation;2 parts, 44 episodes;2019-01-01T00:00:00.000Z;English;1;Renewed;2021-03-17T00:20:24.000Z;2023-01-03T23:08:19.775Z
Crime Diaries: Night Out;Crime anthology series;8 episodes;2019-05-03T00:00:00.000Z;Spanish;0;Miniseries;2021-03-17T00:20:24.000Z;2023-01-03T23:08:19.775Z
VeggieTales in the City;childrens-animation;2 seasons, 26 episodes;2017-02-24T00:00:00.000Z;English;0;Ended;2021-03-17T00:20:24.000Z;2023-01-03T23:08:19.775Z
Ingobernable;Political drama;2 seasons, 27 episodes;2017-03-24T00:00:00.000Z;Spanish;1;Pending;2021-03-17T00:20:24.000Z;2023-01-03T23:08:19.775Z
Cricket Fever: Mumbai Indians;Sport;1 season, 8 episodes;2019-03-01T00:00:00.000Z;English;1;Pending;2021-03-17T00:20:24.000Z;2023-01-03T23:08:19.775Z
Trolls: The Beat Goes On!;childrens-animation;6 seasons, 38 episodes;2018-01-19T00:00:00.000Z;English;1;Pending;2021-03-17T00:20:24.000Z;2023-01-03T23:08:19.775Z
13 Reasons Why: Beyond the Reasons;Interview;2 seasons, 2 episodes;2017-03-31T00:00:00.000Z;English;1;Pending;2021-03-17T00:20:24.000Z;2023-01-03T23:08:19.775Z
The Confession Tapes;True crime;2 seasons, 11 episodes;2017-09-08T00:00:00.000Z;English;1;Pending;2021-03-17T00:20:24.000Z;2023-01-03T23:08:19.775Z
The Break with Michelle Wolf;Late-night;1 season, 10 episodes;2018-05-27T00:00:00.000Z;English;1;Renewed;2021-03-17T00:20:24.000Z;2023-01-03T23:08:19.775Z
Big Mouth;Coming-of-age comedy;2 seasons, 21 episodes;2017-09-29T00:00:00.000Z;English;1;Renewed;2021-03-17T00:20:24.000Z;2023-01-03T23:08:19.775Z
Edgar Rice Burroughs' Tarzan and Jane;childrens-animation;2 seasons, 13 episodes;2017-01-06T00:00:00.000Z;English;0;Ended;2021-03-17T00:20:24.000Z;2023-01-03T23:08:19.775Z
Mighty Little Bheem;childrens-animation;1 season, 21 episodes;2019-04-12T00:00:00.000Z;English;1;Pending;2021-03-17T00:20:24.000Z;2023-01-03T23:08:19.775Z
Orange Is the New Black;Comedy-drama;6 seasons, 78 episodes;2013-07-11T00:00:00.000Z;English;1;Renewed;2021-03-17T00:20:24.000Z;2023-01-03T23:08:19.775Z
Busted!;Korean language variety show;1 season, 10 episodes;2018-05-04T00:00:00.000Z;Korean;1;Renewed;2021-03-17T00:20:24.000Z;2023-01-03T23:08:19.775Z
Love;Romantic comedy;3 seasons, 34 episodes;2016-02-19T00:00:00.000Z;English;0;Ended;2021-03-17T00:20:24.000Z;2023-01-03T23:08:19.775Z
The Mechanism;Crime drama;2 seasons, 16 episodes;2018-03-23T00:00:00.000Z;Portuguese;1;Pending;2021-03-17T00:20:24.000Z;2023-01-03T23:08:19.775Z
Dark Tourist;Travel documentary;1 season, 8 episodes;2018-07-20T00:00:00.000Z;English;1;Pending;2021-03-17T00:20:24.000Z;2023-01-03T23:08:19.775Z
Word Party;childrens-animation;3 seasons, 40 episodes;2016-07-08T00:00:00.000Z;English;1;Renewed;2021-03-17T00:20:24.000Z;2023-01-03T23:08:19.775Z
Marching Orders;Docu-series;1 season, 12 episodes;2018-08-03T00:00:00.000Z;English;1;Pending;2021-03-17T00:20:24.000Z;2023-01-03T23:08:19.775Z
Nailed It! Holiday;Reality competition;1 season, 7 episodes;2018-12-07T00:00:00.000Z;English;1;Pending;2021-03-17T00:20:24.000Z;2023-01-03T23:08:19.775Z
My Next Guest Needs No Introduction with David Letterman;Interview;2 seasons, 12 episodes;2018-01-12T00:00:00.000Z;English;1;Pending;2021-03-17T00:20:24.000Z;2023-01-03T23:08:19.775Z
The Defenders;Superhero action/drama;8 episodes;2017-08-18T00:00:00.000Z;English;0;Miniseries;2021-03-17T00:20:24.000Z;2023-01-03T23:08:19.775Z
The Kominsky Method;Comedy;1 season, 8 episodes;2018-11-16T00:00:00.000Z;English;1;Renewed;2021-03-17T00:20:24.000Z;2023-01-03T23:08:19.775Z
Disenchantment;Medieval fantasy comedy;1 part, 10 episodes;2018-08-17T00:00:00.000Z;English;1;Renewed;2021-03-17T00:20:24.000Z;2023-01-03T23:08:19.775Z
7 Seeds;Science fiction;a ser anunciado;2019-06-28T00:00:00.000Z;English;1;Pending;2021-03-17T00:20:24.000Z;2023-01-03T23:08:19.775Z
World of Winx;childrens-animation;2 seasons, 26 episodes;2016-11-04T00:00:00.000Z;English;0;Ended;2021-03-17T00:20:24.000Z;2023-01-03T23:08:19.775Z
Jinn;Fantasy adventure;1 season, 5 episodes;2019-06-13T00:00:00.000Z;Arabic;1;Pending;2021-03-17T00:20:24.000Z;2023-01-03T23:08:19.775Z
Yankee;Drama;1 season, 25 episodes;2019-06-14T00:00:00.000Z;Spanish;1;Pending;2021-03-17T00:20:24.000Z;2023-01-03T23:08:19.775Z
Mindhunter;Crime drama;1 season, 10 episodes;2017-10-13T00:00:00.000Z;English;1;Renewed;2021-03-17T00:20:24.000Z;2023-01-03T23:08:19.775Z
VeggieTales in the House;childrens-animation;4 seasons, 52 episodes;2014-11-26T00:00:00.000Z;English;0;Ended;2021-03-17T00:20:24.000Z;2023-01-03T23:08:19.775Z
The Good Cop;Police procedural comedy-drama;1 season, 10 episodes;2018-09-21T00:00:00.000Z;English;0;Ended;2021-03-17T00:20:24.000Z;2023-01-03T23:08:19.775Z
Bobby Kennedy for President;History;4 chapters;2018-04-27T00:00:00.000Z;English;0;Miniseries;2021-03-17T00:20:24.000Z;2023-01-03T23:08:19.775Z
November 13: Attack on Paris;Documentary;3 episodes;2018-06-01T00:00:00.000Z;English;0;Miniseries;2021-03-17T00:20:24.000Z;2023-01-03T23:08:19.775Z
Leila;Drama;1 season, 6 episodes;2019-06-14T00:00:00.000Z;Hindi;1;Pending;2021-03-17T00:20:24.000Z;2023-01-03T23:08:19.775Z
Inside the Real Narcos;Docu-series;1 season, 3 episodes;2018-12-14T00:00:00.000Z;English;1;Pending;2021-03-17T00:20:24.000Z;2023-01-03T23:08:19.775Z
Made In Mexico;Spanish language reality series;1 season, 8 episodes;2018-09-28T00:00:00.000Z;English;1;Pending;2021-03-17T00:20:24.000Z;2023-01-03T23:08:19.775Z
Harvey Girls Forever!;childrens-animation;2 seasons, 26 episodes;2018-06-29T00:00:00.000Z;English;1;Pending;2021-03-17T00:20:24.000Z;2023-01-03T23:08:19.775Z
Castlevania;Dark fantasy;2 seasons, 12 episodes;2017-07-07T00:00:00.000Z;English;1;Renewed;2021-03-17T00:20:24.000Z;2023-01-03T23:08:19.775Z
Luna Petunia;childrens-animation;3 seasons, 22 episodes;2016-12-09T00:00:00.000Z;English;0;Ended;2021-03-17T00:20:24.000Z;2023-01-03T23:08:19.775Z
Buddy Thunderstruck;childrens-animation;1 season, 12 episodes;2017-03-10T00:00:00.000Z;English;0;Ended;2021-03-17T00:20:24.000Z;2023-01-03T23:08:19.775Z
Lost in Space;Science fiction;1 season, 10 episodes;2018-04-13T00:00:00.000Z;English;1;Renewed;2021-03-17T00:20:24.000Z;2023-01-03T23:08:19.775Z
Ask the StoryBots;childrens-animation;2 seasons, 14 episodes;2016-08-12T00:00:00.000Z;English;1;Renewed;2021-03-17T00:20:24.000Z;2023-01-03T23:08:19.775Z
She-Ra and the Princesses of Power;childrens-animation;2 seasons, 20 episodes;2018-11-13T00:00:00.000Z;English;1;Renewed;2021-03-17T00:20:24.000Z;2023-01-03T23:08:19.775Z
Captive;Documentary;8 episodes;2016-12-09T00:00:00.000Z;English;0;Miniseries;2021-03-17T00:20:24.000Z;2023-01-03T23:08:19.775Z
You vs. Wild;Interactive Reality;1 season, 8 episodes;2019-04-10T00:00:00.000Z;English;1;Pending;2021-03-17T00:20:24.000Z;2023-01-03T23:08:19.775Z
Conversations with a Killer: The Ted Bundy Tapes;True crime;4 episodes;2019-01-24T00:00:00.000Z;English;0;Miniseries;2021-03-17T00:20:24.000Z;2023-01-03T23:08:19.775Z
The Magic School Bus Rides Again;childrens-animation;2 seasons, 26 episodes;2017-09-29T00:00:00.000Z;English;0;Ended;2021-03-17T00:20:24.000Z;2023-01-03T23:08:19.775Z
Dogs of Berlin;Drama;1 season, 10 episodes;2018-12-07T00:00:00.000Z;German;1;Pending;2021-03-17T00:20:24.000Z;2023-01-03T23:08:19.775Z
Making a Murderer;Crime drama;2 parts, 20 episodes;2015-12-18T00:00:00.000Z;English;1;Pending;2021-03-17T00:20:24.000Z;2023-01-03T23:08:19.775Z
White Rabbit Project;Science investigation;1 season, 10 episodes;2016-12-09T00:00:00.000Z;English;0;Ended;2021-03-17T00:20:24.000Z;2023-01-03T23:08:19.775Z
Altered Carbon;Science fiction;1 season, 10 episodes;2018-02-02T00:00:00.000Z;English;1;Renewed;2021-03-17T00:20:24.000Z;2023-01-03T23:08:19.775Z
Tuca & Bertie;Comedy;1 season, 10 episodes;2019-05-03T00:00:00.000Z;English;1;Pending;2021-03-17T00:20:24.000Z;2023-01-03T23:08:19.775Z
Five Came Back;Historical drama;3 episodes;2017-03-31T00:00:00.000Z;English;0;Miniseries;2021-03-17T00:20:24.000Z;2023-01-03T23:08:19.775Z
The Haunting;Horror anthology;1 season, 10 episodes;2018-10-12T00:00:00.000Z;English;1;Renewed;2021-03-17T00:20:24.000Z;2023-01-03T23:08:19.775Z
Iron Fist;Martial arts/business drama;2 seasons, 23 episodes;2017-03-17T00:00:00.000Z;English;0;Ended;2021-03-17T00:20:24.000Z;2023-01-03T23:08:19.775Z
Sex Education;Coming-of-age comedy-drama;1 season, 8 episodes;2019-01-11T00:00:00.000Z;English;1;Renewed;2021-03-17T00:20:24.000Z;2023-01-03T23:08:19.775Z
Lost Song;Musical fantasy;1 season, 12 episodes;2018-03-31T00:00:00.000Z;English;0;Ended;2021-03-17T00:20:24.000Z;2023-01-03T23:08:19.775Z
A Little Help with Carol Burnett;Variety show;1 season, 12 episodes;2018-05-04T00:00:00.000Z;English;0;Ended;2021-03-17T00:20:24.000Z;2023-01-03T23:08:19.775Z
Dear White People;Satire/Drama;2 volumes, 20 episodes;2017-04-28T00:00:00.000Z;English;1;Renewed;2021-03-17T00:20:24.000Z;2023-01-03T23:08:19.775Z
Russian Doll;Comedy;1 season, 8 episodes;2019-02-01T00:00:00.000Z;English;1;Renewed;2021-03-17T00:20:24.000Z;2023-01-03T23:08:19.775Z
All Hail King Julien: Exiled;childrens-animation;1 season, 13 episodes;2017-05-12T00:00:00.000Z;English;0;Ended;2021-03-17T00:20:24.000Z;2023-01-03T23:08:19.775Z
The Protector;Supernatural mystery;2 seasons, 18 episodes;2018-12-14T00:00:00.000Z;Turkish;1;Renewed;2021-03-17T00:20:24.000Z;2023-01-03T23:08:19.775Z
Magic for Humans;Reality;1 season, 6 episodes;2018-08-17T00:00:00.000Z;English;1;Renewed;2021-03-17T00:20:24.000Z;2023-01-03T23:08:19.775Z
Stay Here;Reality;1 season, 8 episodes;2018-08-17T00:00:00.000Z;English;1;Pending;2021-03-17T00:20:24.000Z;2023-01-03T23:08:19.775Z
B: The Beginning;Suspense;1 season, 12 episodes;2018-03-02T00:00:00.000Z;English;1;Renewed;2021-03-17T00:20:24.000Z;2023-01-03T23:08:19.775Z
The Ponysitters Club;Drama;2 seasons, 20 episodes;2018-08-10T00:00:00.000Z;English;1;Pending;2021-03-17T00:20:24.000Z;2023-01-03T23:08:19.775Z
The Who Was? Show;Educational;1 season, 13 episodes;2018-05-11T00:00:00.000Z;English;1;Pending;2021-03-17T00:20:24.000Z;2023-01-03T23:08:19.775Z
Dawn of the Croods;childrens-animation;4 seasons, 52 episodes;2015-12-24T00:00:00.000Z;English;0;Ended;2021-03-17T00:20:24.000Z;2023-01-03T23:08:19.775Z
The Alcàsser Murders;True crime;1 season, 5 episodes;2019-06-14T00:00:00.000Z;English;1;Pending;2021-03-17T00:20:24.000Z;2023-01-03T23:08:19.775Z
Osmosis;Science fiction/drama;1 season, 8 episodes;2019-03-29T00:00:00.000Z;French;1;Pending;2021-03-17T00:20:24.000Z;2023-01-03T23:08:19.775Z
Trollhunters: Tales of Arcadia;childrens-animation;3 parts, 52 episodes;2016-12-23T00:00:00.000Z;English;0;Ended;2021-03-17T00:20:24.000Z;2023-01-03T23:08:19.775Z
Larva Island;childrens-animation;2 seasons, 26 episodes;2018-10-19T00:00:00.000Z;English;1;Pending;2021-03-17T00:20:24.000Z;2023-01-03T23:08:19.775Z
Suburra: Blood on Rome;Crime drama;2 seasons, 18 episodes;2017-10-06T00:00:00.000Z;Italian;1;Renewed;2021-03-17T00:20:24.000Z;2023-01-03T23:08:19.775Z
The Naked Director;Drama;a ser anunciado;2019-08-08T00:00:00.000Z;Japanese;1;Pending;2021-03-17T00:20:24.000Z;2023-01-03T23:08:19.775Z
Best.Worst.Weekend.Ever.;Comedy;8 episodes;2018-10-19T00:00:00.000Z;English;0;Miniseries;2021-03-17T00:20:24.000Z;2023-01-03T23:08:19.775Z
Stranger Things;Science fiction/horror;2 seasons, 17 episodes;2016-07-15T00:00:00.000Z;English;1;Renewed;2021-03-17T00:20:24.000Z;2023-01-03T23:08:19.775Z
1983;Spy thriller;1 season, 8 episodes;2018-11-30T00:00:00.000Z;Polish;1;Renewed;2021-03-17T00:20:24.000Z;2023-01-03T23:08:19.775Z
Roman Empire;Historical drama;3 seasons, 15 episodes;2016-11-11T00:00:00.000Z;English;1;Pending;2021-03-17T00:20:24.000Z;2023-01-03T23:08:19.775Z
The Order;Supernatural horror drama;1 season, 10 episodes;2019-03-07T00:00:00.000Z;English;1;Renewed;2021-03-17T00:20:24.000Z;2023-01-03T23:08:19.775Z
Bonding;Dark comedy;1 season, 7 episodes;2019-04-24T00:00:00.000Z;English;1;Pending;2021-03-17T00:20:24.000Z;2023-01-03T23:08:19.775Z
Dead to Me;Dark comedy-drama;1 season, 10 episodes;2019-05-03T00:00:00.000Z;English;1;Renewed;2021-03-17T00:20:24.000Z;2023-01-03T23:08:19.775Z
True and the Rainbow Kingdom;childrens-animation;2 seasons, 14 episodes;2017-08-11T00:00:00.000Z;English;1;Renewed;2021-03-17T00:20:24.000Z;2023-01-03T23:08:19.775Z
What/If;Social thriller anthology;1 part, 10 episodes;2019-05-24T00:00:00.000Z;English;1;Pending;2021-03-17T00:20:24.000Z;2023-01-03T23:08:19.775Z
When They See Us;Drama;4 episodes;2019-05-31T00:00:00.000Z;English;0;Miniseries;2021-03-17T00:20:24.000Z;2023-01-03T23:08:19.775Z
Paradise PD;Comedy;1 season, 10 episodes;2018-08-31T00:00:00.000Z;English;1;Renewed;2021-03-17T00:20:24.000Z;2023-01-03T23:08:19.775Z
Neo Yokio;Science fantasy comedy;2 seasons, 7 episodes;2017-09-22T00:00:00.000Z;English;0;Ended;2021-03-17T00:20:24.000Z;2023-01-03T23:08:19.775Z
Luke Cage;Neo-blaxploitation/neo-western;2 seasons, 26 episodes;2016-09-30T00:00:00.000Z;English;0;Ended;2021-03-17T00:20:24.000Z;2023-01-03T23:08:19.775Z
Hilda;childrens-animation;1 season, 13 episodes;2018-09-21T00:00:00.000Z;English;1;Renewed;2021-03-17T00:20:24.000Z;2023-01-03T23:08:19.775Z
Samantha!;Comedy;2 seasons, 14 episodes;2018-07-06T00:00:00.000Z;Portuguese;1;Pending;2021-03-17T00:20:24.000Z;2023-01-03T23:08:19.775Z
The Day I Met El Chapo;Biography;1 season, 3 episodes;2017-10-20T00:00:00.000Z;English;0;Ended;2021-03-17T00:20:24.000Z;2023-01-03T23:08:19.775Z
The Joel McHale Show with Joel McHale;Comedy;2 parts, 19 episodes;2018-02-18T00:00:00.000Z;English;0;Ended;2021-03-17T00:20:24.000Z;2023-01-03T23:08:19.775Z
Super Drags;Superhero-LGBT comedy;1 season, 5 episodes;2018-11-09T00:00:00.000Z;English;0;Ended;2021-03-17T00:20:24.000Z;2023-01-03T23:08:19.775Z
Rapture;Documentary;1 season, 8 episodes;2018-03-30T00:00:00.000Z;English;0;Ended;2021-03-17T00:20:24.000Z;2023-01-03T23:08:19.775Z
Santa Clarita Diet;Comedy-horror;3 seasons, 30 episodes;2017-02-03T00:00:00.000Z;English;0;Ended;2021-03-17T00:20:24.000Z;2023-01-03T23:08:19.775Z
Everything Sucks!;Coming-of-age comedy;1 season, 10 episodes;2018-02-16T00:00:00.000Z;English;0;Ended;2021-03-17T00:20:24.000Z;2023-01-03T23:08:19.775Z
Lunatics;Comedy;1 season, 10 episodes;2019-04-19T00:00:00.000Z;English;1;Pending;2021-03-17T00:20:24.000Z;2023-01-03T23:08:19.775Z
The House of Flowers;Comedy;1 season, 13 episodes;2018-08-10T00:00:00.000Z;Spanish;1;Renewed;2021-03-17T00:20:24.000Z;2023-01-03T23:08:19.775Z
Medal of Honor;Docu-series;1 season, 8 episodes;2018-11-09T00:00:00.000Z;English;1;Pending;2021-03-17T00:20:24.000Z;2023-01-03T23:08:19.775Z
Gilmore Girls: A Year in the Life;Family drama;4 episodes;2016-11-25T00:00:00.000Z;English;0;Miniseries;2021-03-17T00:20:24.000Z;2023-01-03T23:08:19.775Z
Exhibit A;True crime;a ser anunciado;2019-06-28T00:00:00.000Z;English;1;Pending;2021-03-17T00:20:24.000Z;2023-01-03T23:08:19.775Z
Queer Eye;Makeover reality;3 seasons, 24 episodes;2018-02-07T00:00:00.000Z;English;1;Renewed;2021-03-17T00:20:24.000Z;2023-01-03T23:08:19.775Z
One Day at a Time;Sitcom;3 seasons, 39 episodes;2017-01-06T00:00:00.000Z;English;0;Ended;2021-03-17T00:20:24.000Z;2023-01-03T23:08:19.775Z
Hot Girls Wanted: Turned On;Documentary;6 episodes;2017-04-21T00:00:00.000Z;English;0;Miniseries;2021-03-17T00:20:24.000Z;2023-01-03T23:08:19.775Z
72 Dangerous Animals: Latin America;Nature;1 season, 12 episodes;2017-12-22T00:00:00.000Z;English;0;Ended;2021-03-17T00:20:24.000Z;2023-01-03T23:08:19.775Z
Wet Hot American Summer: First Day of Camp;Satirical comedy;8 episodes;2015-07-31T00:00:00.000Z;English;0;Miniseries;2021-03-17T00:20:24.000Z;2023-01-03T23:08:19.775Z
Unbreakable Kimmy Schmidt;Comedy;4 seasons, 51 episodes;2015-03-06T00:00:00.000Z;English;0;Ended;2021-03-17T00:20:24.000Z;2023-01-03T23:08:19.775Z
True: Magical Friends;childrens-animation;1 season, 5 episodes;2018-06-15T00:00:00.000Z;English;0;Ended;2021-03-17T00:20:24.000Z;2023-01-03T23:08:19.775Z
Club de Cuervos;Comedy-drama;4 seasons, 45 episodes;2015-08-07T00:00:00.000Z;Spanish;0;Ended;2021-03-17T00:20:24.000Z;2023-01-03T23:08:19.775Z
Dancing Queen;Celebrity;1 season, 8 episodes;2018-10-05T00:00:00.000Z;English;1;Pending;2021-03-17T00:20:24.000Z;2023-01-03T23:08:19.775Z
Chambers;Teen psychological thriller;1 season, 10 episodes;2019-04-26T00:00:00.000Z;English;0;Ended;2021-03-17T00:20:24.000Z;2023-01-03T23:08:19.775Z
Project Mc2;Comedy;6 parts, 26 episodes;2016-08-07T00:00:00.000Z;English;0;Ended;2021-03-17T00:20:24.000Z;2023-01-03T23:08:19.775Z
The Mr. Peabody & Sherman Show;childrens-animation;4 seasons, 52 episodes;2015-10-09T00:00:00.000Z;English;0;Ended;2021-03-17T00:20:24.000Z;2023-01-03T23:08:19.775Z
Street Food;Culinary art;1 season, 9 episodes;2019-04-26T00:00:00.000Z;English;1;Pending;2021-03-17T00:20:24.000Z;2023-01-03T23:08:19.775Z
Always a Witch;Supernatural drama;1 season, 10 episodes;2019-02-01T00:00:00.000Z;Spanish;1;Renewed;2021-03-17T00:20:24.000Z;2023-01-03T23:08:19.775Z
Edha;Drama;1 season, 10 episodes;2018-03-16T00:00:00.000Z;Spanish;0;Ended;2021-03-17T00:20:24.000Z;2023-01-03T23:08:19.775Z
1994;Docu-series;5 episodes;2019-05-17T00:00:00.000Z;English;0;Miniseries;2021-03-17T00:20:24.000Z;2023-01-03T23:08:19.775Z
The Dark Crystal: Age of Resistance;Fantasy;1 season, 10 episodes;2019-08-30T00:00:00.000Z;English;1;Pending;2021-03-17T00:20:24.000Z;2023-01-03T23:08:19.775Z
Persona;Drama anthology series;1 season, 4 episodes;2019-04-11T00:00:00.000Z;Korean;0;Ended;2021-03-17T00:20:24.000Z;2023-01-03T23:08:19.775Z
7 Days Out;Docu-series;1 season, 6 episodes;2018-12-21T00:00:00.000Z;English;1;Pending;2021-03-17T00:20:24.000Z;2023-01-03T23:08:19.775Z
Flinch;Reality television/game show;1 season, 10 episodes;2019-05-03T00:00:00.000Z;English;1;Pending;2021-03-17T00:20:24.000Z;2023-01-03T23:08:19.775Z
Voltron: Legendary Defender;childrens-animation;8 seasons, 78 episodes;2016-06-10T00:00:00.000Z;English;0;Ended;2021-03-17T00:20:24.000Z;2023-01-03T23:08:19.775Z
Skylanders Academy;childrens-animation;3 seasons, 38 episodes;2016-10-28T00:00:00.000Z;English;0;Ended;2021-03-17T00:20:24.000Z;2023-01-03T23:08:19.775Z
Insatiable;Dark comedy-drama;1 season, 12 episodes;2018-08-10T00:00:00.000Z;English;1;Renewed;2021-03-17T00:20:24.000Z;2023-01-03T23:08:19.775Z
Jack Whitehall: Travels with My Father;Travel documentary;2 seasons, 11 episodes;2017-09-22T00:00:00.000Z;English;1;Pending;2021-03-17T00:20:24.000Z;2023-01-03T23:08:19.775Z
Russell Peters Vs. the World;Comedy;1 season, 4 episodes;2013-10-03T00:00:00.000Z;English;0;Ended;2021-03-17T00:20:24.000Z;2023-01-03T23:08:19.775Z
Trailer Park Boys: The Animated Series;Mockumentary;1 season, 10 episodes;2019-03-31T00:00:00.000Z;English;1;Pending;2021-03-17T00:20:24.000Z;2023-01-03T23:08:19.775Z
0.03;Science fiction;3 seasons, 26 episodes;2016-11-25T00:00:00.000Z;Portuguese;1;Pending;2021-03-17T00:20:24.000Z;2023-01-03T23:08:19.775Z
First and Last;Reality;1 season, 6 episodes;2018-09-07T00:00:00.000Z;English;1;Pending;2021-03-17T00:20:24.000Z;2023-01-03T23:08:19.775Z
The Adventures of Puss in Boots;childrens-animation;6 seasons, 78 episodes;2015-01-16T00:00:00.000Z;English;0;Ended;2021-03-17T00:20:24.000Z;2023-01-03T23:08:19.775Z
72 Dangerous Animals: Asia;Nature;1 season, 12 episodes;2018-08-10T00:00:00.000Z;English;1;Pending;2021-03-17T00:20:24.000Z;2023-01-03T23:08:19.775Z
F Is for Family;Sitcom;3 seasons, 26 episodes;2015-12-18T00:00:00.000Z;English;1;Renewed;2021-03-17T00:20:24.000Z;2023-01-03T23:08:19.775Z
Baby;Drama;1 season, 6 episodes;2018-11-30T00:00:00.000Z;Italian;1;Renewed;2021-03-17T00:20:24.000Z;2023-01-03T23:08:19.775Z
The Innocents;Supernatural fiction;1 season, 8 episodes;2018-08-24T00:00:00.000Z;English;0;Ended;2021-03-17T00:20:24.000Z;2023-01-03T23:08:19.775Z
True: Wonderful Wishes;childrens-animation;1 season, 5 episodes;2018-06-15T00:00:00.000Z;English;0;Ended;2021-03-17T00:20:24.000Z;2023-01-03T23:08:19.775Z
Dance & Sing with True;chrildrens musical short;1 season, 11 episodes;2018-05-18T00:00:00.000Z;English;1;Pending;2021-03-17T00:20:24.000Z;2023-01-03T23:08:19.775Z
Chef's Table;Culinary art;6 volumes, 30 episodes;2015-04-26T00:00:00.000Z;English;1;Renewed;2021-03-17T00:20:24.000Z;2023-01-03T23:08:19.775Z
Westside;Music;1 season, 8 episodes;2018-11-09T00:00:00.000Z;English;1;Pending;2021-03-17T00:20:24.000Z;2023-01-03T23:08:19.775Z
The Crown;Historical drama;2 seasons, 20 episodes;2016-11-04T00:00:00.000Z;English;1;Renewed;2021-03-17T00:20:24.000Z;2023-01-03T23:08:19.775Z
We're Lalaloopsy;childrens-animation;1 season, 13 episodes;2017-01-10T00:00:00.000Z;English;0;Ended;2021-03-17T00:20:24.000Z;2023-01-03T23:08:19.775Z
Tidelands;Supernatural crime drama;1 season, 8 episodes;2018-12-14T00:00:00.000Z;English;1;Pending;2021-03-17T00:20:24.000Z;2023-01-03T23:08:19.775Z
Daredevil;Crime drama/legal drama;3 seasons, 39 episodes;2015-04-10T00:00:00.000Z;English;0;Ended;2021-03-17T00:20:24.000Z;2023-01-03T23:08:19.775Z
Llama Llama;childrens-animation;1 season, 15 episodes;2018-01-26T00:00:00.000Z;English;1;Renewed;2021-03-17T00:20:24.000Z;2023-01-03T23:08:19.775Z
Alexa & Katie;Sitcom;2 seasons, 23 episodes;2018-03-23T00:00:00.000Z;English;1;Renewed;2021-03-17T00:20:24.000Z;2023-01-03T23:08:19.775Z
Jimmy: The True Story of a True Idiot;Comedy;1 season, 9 episodes;2018-07-20T00:00:00.000Z;Japanese;1;Pending;2021-03-17T00:20:24.000Z;2023-01-03T23:08:19.775Z
Daughters of Destiny;Documentary;4 episodes;2017-07-28T00:00:00.000Z;English;0;Miniseries;2021-03-17T00:20:24.000Z;2023-01-03T23:08:19.775Z
The Curious Creations of Christine McConnell;Cooking show;1 season, 6 episodes;2018-10-12T00:00:00.000Z;English;0;Ended;2021-03-17T00:20:24.000Z;2023-01-03T23:08:19.775Z
The Ranch;Sitcom;6 parts, 60 episodes;2016-04-01T00:00:00.000Z;English;1;Renewed;2021-03-17T00:20:24.000Z;2023-01-03T23:08:19.775Z
The Innocent Man;True crime;6 episodes;2018-12-14T00:00:00.000Z;English;0;Miniseries;2021-03-17T00:20:24.000Z;2023-01-03T23:08:19.775Z
Easy;Romantic comedy anthology;3 seasons, 25 episodes;2016-09-22T00:00:00.000Z;English;0;Ended;2021-03-17T00:20:24.000Z;2023-01-03T23:08:19.775Z
Ghoul;Horror miniseries;3 episodes;2018-08-24T00:00:00.000Z;Hindi;0;Miniseries;2021-03-17T00:20:24.000Z;2023-01-03T23:08:19.775Z
Free Rein;Teen drama;2 seasons, 20 episodes;2017-06-22T00:00:00.000Z;English;1;Renewed;2021-03-17T00:20:24.000Z;2023-01-03T23:08:19.775Z
Aggretsuko;Comedy;2 seasons, 20 episodes;2018-04-20T00:00:00.000Z;English;1;Pending;2021-03-17T00:20:24.000Z;2023-01-03T23:08:19.775Z
The Rain;Post-apocalyptic drama;2 seasons, 14 episodes;2018-05-04T00:00:00.000Z;Danish;1;Renewed;2021-03-17T00:20:24.000Z;2023-01-03T23:08:19.775Z
Fastest Car;Motoring television series;1 season, 8 episodes;2018-04-06T00:00:00.000Z;English;1;Renewed;2021-03-17T00:20:24.000Z;2023-01-03T23:08:19.775Z
BoJack Horseman;Black comedy-drama;5 seasons, 61 episodes;2014-08-22T00:00:00.000Z;English;1;Renewed;2021-03-17T00:20:24.000Z;2023-01-03T23:08:19.775Z
Drug Lords;Documentary;2 seasons, 8 episodes;2018-01-19T00:00:00.000Z;English;0;Ended;2021-03-17T00:20:24.000Z;2023-01-03T23:08:19.775Z
Last Chance U;Sport;3 parts, 23 episodes;2016-07-29T00:00:00.000Z;English;1;Renewed;2021-03-17T00:20:24.000Z;2023-01-03T23:08:19.775Z
Grace and Frankie;Comedy-drama;5 seasons, 65 episodes;2015-05-08T00:00:00.000Z;English;1;Renewed;2021-03-17T00:20:24.000Z;2023-01-03T23:08:19.775Z
Stretch Armstrong and the Flex Fighters;childrens-animation;2 seasons, 23 episodes;2017-11-17T00:00:00.000Z;English;1;Pending;2021-03-17T00:20:24.000Z;2023-01-03T23:08:19.775Z
First Team: Juventus;Sport;2 parts, 6 episodes;2018-02-16T00:00:00.000Z;English;1;Pending;2021-03-17T00:20:24.000Z;2023-01-03T23:08:19.775Z
13 Reasons Why;Teen drama/mystery;2 seasons, 26 episodes;2017-03-31T00:00:00.000Z;English;1;Renewed;2021-03-17T00:20:24.000Z;2023-01-03T23:08:19.775Z
The Disappearance of Madeleine McCann;True crime;8 episodes;2019-03-15T00:00:00.000Z;English;0;Miniseries;2021-03-17T00:20:24.000Z;2023-01-03T23:08:19.775Z
The Fix;Panel show;1 season, 10 episodes;2018-12-14T00:00:00.000Z;English;1;Pending;2021-03-17T00:20:24.000Z;2023-01-03T23:08:19.775Z
Prince of Peoria;Sitcom;2 parts, 16 episodes;2018-11-16T00:00:00.000Z;English;1;Pending;2021-03-17T00:20:24.000Z;2023-01-03T23:08:19.775Z
Switched;Science fiction;1 season, 6 episodes;2018-08-01T00:00:00.000Z;Japanese;0;Ended;2021-03-17T00:20:24.000Z;2023-01-03T23:08:19.775Z
The Last Czars;Docu-series;a ser anunciado;2019-07-03T00:00:00.000Z;English;1;Pending;2021-03-17T00:20:24.000Z;2023-01-03T23:08:19.775Z
Justin Time GO!;childrens-animation;1 season, 13 episodes;2016-06-24T00:00:00.000Z;English;0;Ended;2021-03-17T00:20:24.000Z;2023-01-03T23:08:19.775Z
Dragons: Race to the Edge;childrens-animation;6 seasons, 78 episodes;2015-06-26T00:00:00.000Z;English;0;Ended;2021-03-17T00:20:24.000Z;2023-01-03T23:08:19.775Z
Super Monsters Monster Pets;childrens-animation;1 season, 5 episodes;2019-06-07T00:00:00.000Z;English;1;Pending;2021-03-17T00:20:24.000Z;2023-01-03T23:08:19.775Z
The Chosen One;Thriller drama;a ser anunciado;2019-06-28T00:00:00.000Z;Portuguese;1;Pending;2021-03-17T00:20:24.000Z;2023-01-03T23:08:19.775Z
Turn Up Charlie;Comedy;1 season, 8 episodes;2019-03-15T00:00:00.000Z;English;1;Pending;2021-03-17T00:20:24.000Z;2023-01-03T23:08:19.775Z
Carmen Sandiego;childrens-animation;1 season, 9 episodes;2019-01-18T00:00:00.000Z;English;1;Renewed;2021-03-17T00:20:24.000Z;2023-01-03T23:08:19.775Z
The Keepers;Crime drama;7 episodes;2017-05-19T00:00:00.000Z;English;0;Miniseries;2021-03-17T00:20:24.000Z;2023-01-03T23:08:19.775Z
Ultimate Beastmaster;Competition;3 seasons, 29 episodes;2017-02-24T00:00:00.000Z;English;1;Pending;2021-03-17T00:20:24.000Z;2023-01-03T23:08:19.775Z
Narcos;Crime drama;3 seasons, 30 episodes;2015-08-28T00:00:00.000Z;English;0;Ended;2021-03-17T00:20:24.000Z;2023-01-03T23:08:19.775Z
W/ Bob & David;Sketch comedy;1 season, 5 episodes;2015-11-13T00:00:00.000Z;English;0;Ended;2021-03-17T00:20:24.000Z;2023-01-03T23:08:19.775Z
Wet Hot American Summer: Ten Years Later;Satirical comedy;8 episodes;2017-08-04T00:00:00.000Z;English;0;Miniseries;2021-03-17T00:20:24.000Z;2023-01-03T23:08:19.775Z
Devilman Crybaby;Supernatural horror;10 episodes;2018-01-05T00:00:00.000Z;English;0;Miniseries;2021-03-17T00:20:24.000Z;2023-01-03T23:08:19.775Z
Lego Bionicle: The Journey to One;childrens-animation;2 seasons, 5 episodes;2016-03-04T00:00:00.000Z;English;0;Ended;2021-03-17T00:20:24.000Z;2023-01-03T23:08:19.775Z
Chilling Adventures of Sabrina;Supernatural coming-of-age horror;2 parts, 20 episodes;2018-10-26T00:00:00.000Z;English;1;Renewed;2021-03-17T00:20:24.000Z;2023-01-03T23:08:19.775Z
Tidying Up with Marie Kondo;Reality show;1 season, 8 episodes;2019-01-01T00:00:00.000Z;English;1;Pending;2021-03-17T00:20:24.000Z;2023-01-03T23:08:19.775Z
Chasing Cameron;Celebrity;1 season, 10 episodes;2016-12-27T00:00:00.000Z;English;0;Ended;2021-03-17T00:20:24.000Z;2023-01-03T23:08:19.775Z
Ozark;Crime drama;2 seasons, 20 episodes;2017-07-21T00:00:00.000Z;English;1;Renewed;2021-03-17T00:20:24.000Z;2023-01-03T23:08:19.775Z
Bloodline;Thriller;3 seasons, 33 episodes;2015-03-20T00:00:00.000Z;English;0;Ended;2021-03-17T00:20:24.000Z;2023-01-03T23:08:19.775Z
Trailer Park Boys Out of the Park: USA;Mockumentary;1 season, 8 episodes;2017-11-24T00:00:00.000Z;English;0;Ended;2021-03-17T00:20:24.000Z;2023-01-03T23:08:19.775Z
Seven Seconds;Crime drama;1 season, 10 episodes;2018-02-23T00:00:00.000Z;English;0;Ended;2021-03-17T00:20:24.000Z;2023-01-03T23:08:19.775Z
Popples;childrens-animation;3 seasons, 26 episodes;2015-10-30T00:00:00.000Z;English;0;Ended;2021-03-17T00:20:24.000Z;2023-01-03T23:08:19.775Z
Care Bears and Cousins;childrens-animation;2 seasons, 12 episodes;2015-11-06T00:00:00.000Z;English;0;Ended;2021-03-17T00:20:24.000Z;2023-01-03T23:08:19.775Z
Sintonia;Drama;a ser anunciado;2019-08-09T00:00:00.000Z;Portuguese;1;Pending;2021-03-17T00:20:24.000Z;2023-01-03T23:08:19.775Z
Cooked;Culinary art;4 episodes;2016-02-19T00:00:00.000Z;English;0;Miniseries;2021-03-17T00:20:24.000Z;2023-01-03T23:08:19.775Z
Follow This;Docu-series;3 parts, 20 episodes;2018-08-23T00:00:00.000Z;English;0;Ended;2021-03-17T00:20:24.000Z;2023-01-03T23:08:19.775Z
Sense8;Science fiction;2 seasons, 24 episodes;2015-06-05T00:00:00.000Z;English;0;Ended;2021-03-17T00:20:24.000Z;2023-01-03T23:08:19.775Z
Spy Kids: Mission Critical;childrens-animation;2 seasons, 20 episodes;2018-04-20T00:00:00.000Z;English;1;Pending;2021-03-17T00:20:24.000Z;2023-01-03T23:08:19.775Z
